#<time_stamp>;<sys_call>;<arguments;>
1400721715.11;open;3;0;0;0;/mnt/flash/test.db
1400721715.52;read;3;0;100;/mnt/flash/test.db
1400721718.34;close;3;/mnt/flash/test.db
1400721728.57;open;3;0;0;0;/mnt/flash/test.db
1400721729.46;read;3;0;1024;/mnt/flash/test.db
1400721730.28;read;3;1048;16;/mnt/flash/test.db
1400721730.81;read;3;3112;1024;/mnt/flash/test.db
1400721731.07;read;3;5160;1024;/mnt/flash/test.db
1400721731.3;read;3;9256;1024;/mnt/flash/test.db
1400721732.15;read;3;10304;16;/mnt/flash/test.db
1400721732.65;read;3;14416;1024;/mnt/flash/test.db
1400721733.57;read;3;15464;16;/mnt/flash/test.db
1400721734.12;read;3;20600;1024;/mnt/flash/test.db
1400721734.93;read;3;21648;16;/mnt/flash/test.db
1400721735.52;read;3;27808;1024;/mnt/flash/test.db
1400721736.54;read;3;28856;16;/mnt/flash/test.db
1400721737.13;read;3;36040;1024;/mnt/flash/test.db
1400721737.94;read;3;37088;16;/mnt/flash/test.db
1400721738.54;read;3;45296;1024;/mnt/flash/test.db
1400721739.48;read;3;46344;16;/mnt/flash/test.db
1400721740.08;read;3;55576;1024;/mnt/flash/test.db
1400721741.52;read;3;56624;16;/mnt/flash/test.db
1400721742.52;read;3;66880;1024;/mnt/flash/test.db
1400721744.14;read;3;67928;16;/mnt/flash/test.db
1400721744.8;read;3;79208;1024;/mnt/flash/test.db
1400721745.75;read;3;80256;16;/mnt/flash/test.db
1400721746.42;read;3;92560;1024;/mnt/flash/test.db
1400721747.42;read;3;93608;16;/mnt/flash/test.db
1400721748.02;read;3;106936;1024;/mnt/flash/test.db
1400721748.91;read;3;107984;16;/mnt/flash/test.db
1400721749.45;read;3;122336;1024;/mnt/flash/test.db
1400721750.27;read;3;123384;16;/mnt/flash/test.db
1400721750.82;read;3;138760;1024;/mnt/flash/test.db
1400721751.67;read;3;139808;16;/mnt/flash/test.db
1400721753.04;read;3;156208;1024;/mnt/flash/test.db
1400721753.87;read;3;157256;16;/mnt/flash/test.db
1400721754.51;read;3;174680;1024;/mnt/flash/test.db
1400721755.45;read;3;175728;16;/mnt/flash/test.db
1400721756.0;read;3;194176;1024;/mnt/flash/test.db
1400721757.2;read;3;195224;16;/mnt/flash/test.db
1400721757.73;read;3;214696;1024;/mnt/flash/test.db
1400721758.53;read;3;215744;16;/mnt/flash/test.db
1400721759.03;read;3;236240;1024;/mnt/flash/test.db
1400721759.94;read;3;237288;16;/mnt/flash/test.db
1400721760.56;read;3;258808;1024;/mnt/flash/test.db
1400721761.5;read;3;259856;16;/mnt/flash/test.db
1400721762.05;read;3;282400;1024;/mnt/flash/test.db
1400721762.98;read;3;283448;16;/mnt/flash/test.db
1400721763.57;read;3;307016;1024;/mnt/flash/test.db
1400721764.5;read;3;308064;16;/mnt/flash/test.db
1400721765.09;read;3;332656;1024;/mnt/flash/test.db
1400721765.99;read;3;333704;16;/mnt/flash/test.db
1400721766.61;read;3;359320;1024;/mnt/flash/test.db
1400721768.01;read;3;360368;16;/mnt/flash/test.db
1400721768.56;read;3;387008;1024;/mnt/flash/test.db
1400721769.59;read;3;388056;16;/mnt/flash/test.db
1400721770.17;read;3;415720;1024;/mnt/flash/test.db
1400721771.12;read;3;416768;16;/mnt/flash/test.db
1400721771.6;read;3;445456;1024;/mnt/flash/test.db
1400721772.48;read;3;446504;16;/mnt/flash/test.db
1400721773.0;read;3;476216;1024;/mnt/flash/test.db
1400721773.91;read;3;477264;16;/mnt/flash/test.db
1400721774.53;read;3;508000;1024;/mnt/flash/test.db
1400721775.61;read;3;509048;16;/mnt/flash/test.db
1400721776.18;read;3;540808;1024;/mnt/flash/test.db
1400721777.09;read;3;541856;16;/mnt/flash/test.db
1400721777.61;read;3;574640;1024;/mnt/flash/test.db
1400721778.54;read;3;575688;16;/mnt/flash/test.db
1400721779.05;read;3;609496;1024;/mnt/flash/test.db
1400721779.85;read;3;610544;16;/mnt/flash/test.db
1400721780.35;read;3;645376;1024;/mnt/flash/test.db
1400721781.19;read;3;646424;16;/mnt/flash/test.db
1400721781.8;read;3;682280;1024;/mnt/flash/test.db
1400721782.83;read;3;683328;16;/mnt/flash/test.db
1400721783.42;read;3;720208;1024;/mnt/flash/test.db
1400721784.38;read;3;721256;16;/mnt/flash/test.db
1400721784.89;read;3;759160;1024;/mnt/flash/test.db
1400721785.64;read;3;760208;16;/mnt/flash/test.db
1400721786.08;read;3;799136;1024;/mnt/flash/test.db
1400721786.93;read;3;800184;16;/mnt/flash/test.db
1400721787.43;read;3;840136;1024;/mnt/flash/test.db
1400721788.23;read;3;841184;16;/mnt/flash/test.db
1400721788.65;read;3;882160;1024;/mnt/flash/test.db
1400721789.32;read;3;883208;16;/mnt/flash/test.db
1400721789.84;read;3;925208;1024;/mnt/flash/test.db
1400721790.64;read;3;926256;16;/mnt/flash/test.db
1400721791.21;read;3;969280;1024;/mnt/flash/test.db
1400721791.88;read;3;970328;16;/mnt/flash/test.db
1400721792.36;read;3;1014376;1024;/mnt/flash/test.db
1400721793.19;read;3;1015424;16;/mnt/flash/test.db
1400721793.78;read;3;1060496;1024;/mnt/flash/test.db
1400721794.65;read;3;1061544;16;/mnt/flash/test.db
1400721795.07;read;3;1107640;1024;/mnt/flash/test.db
1400721795.76;read;3;1108688;16;/mnt/flash/test.db
1400721796.23;read;3;1155808;1024;/mnt/flash/test.db
1400721797.08;read;3;1156856;16;/mnt/flash/test.db
1400721797.5;read;3;1205000;1024;/mnt/flash/test.db
1400721798.33;read;3;1206048;16;/mnt/flash/test.db
1400721798.83;read;3;1255216;1024;/mnt/flash/test.db
1400721799.82;read;3;1256264;16;/mnt/flash/test.db
1400721800.3;read;3;1306456;1024;/mnt/flash/test.db
1400721801.17;read;3;1307504;16;/mnt/flash/test.db
1400721801.65;read;3;1358720;1024;/mnt/flash/test.db
1400721802.45;read;3;1359768;16;/mnt/flash/test.db
1400721802.95;read;3;1412008;1024;/mnt/flash/test.db
1400721803.66;read;3;1413056;16;/mnt/flash/test.db
1400721804.13;read;3;1466320;1024;/mnt/flash/test.db
1400721804.88;read;3;1467368;16;/mnt/flash/test.db
1400721805.38;read;3;1521656;1024;/mnt/flash/test.db
1400721806.15;read;3;1522704;16;/mnt/flash/test.db
1400721806.56;read;3;1578016;1024;/mnt/flash/test.db
1400721807.26;read;3;1579064;16;/mnt/flash/test.db
1400721807.72;read;3;1635400;1024;/mnt/flash/test.db
1400721808.61;read;3;1636448;16;/mnt/flash/test.db
1400721809.11;read;3;1693808;1024;/mnt/flash/test.db
1400721809.84;read;3;1694856;16;/mnt/flash/test.db
1400721810.3;read;3;1753240;1024;/mnt/flash/test.db
1400721811.25;read;3;1754288;16;/mnt/flash/test.db
1400721811.95;read;3;1813696;1024;/mnt/flash/test.db
1400721812.84;read;3;1814744;16;/mnt/flash/test.db
1400721813.32;read;3;1875176;1024;/mnt/flash/test.db
1400721814.09;read;3;1876224;16;/mnt/flash/test.db
1400721814.59;read;3;1937680;1024;/mnt/flash/test.db
1400721815.27;read;3;1938728;16;/mnt/flash/test.db
1400721815.68;read;3;2001208;1024;/mnt/flash/test.db
1400721816.43;read;3;2002256;16;/mnt/flash/test.db
1400721816.92;read;3;2065760;1024;/mnt/flash/test.db
1400721817.85;read;3;2066808;16;/mnt/flash/test.db
1400721818.29;read;3;2131336;1024;/mnt/flash/test.db
1400721818.96;read;3;2132384;16;/mnt/flash/test.db
1400721819.47;read;3;2197936;1024;/mnt/flash/test.db
1400721820.34;read;3;2198984;16;/mnt/flash/test.db
1400721820.9;read;3;2265560;1024;/mnt/flash/test.db
1400721821.67;read;3;2266608;16;/mnt/flash/test.db
1400721822.13;read;3;2334208;1024;/mnt/flash/test.db
1400721822.89;read;3;2335256;16;/mnt/flash/test.db
1400721823.35;read;3;2403880;1024;/mnt/flash/test.db
1400721824.25;read;3;2404928;16;/mnt/flash/test.db
1400721824.71;read;3;2474576;1024;/mnt/flash/test.db
1400721825.44;read;3;2475624;16;/mnt/flash/test.db
1400721825.94;read;3;2546296;1024;/mnt/flash/test.db
1400721826.81;read;3;2547344;16;/mnt/flash/test.db
1400721827.35;read;3;2619040;1024;/mnt/flash/test.db
1400721828.06;read;3;2620088;16;/mnt/flash/test.db
1400721828.65;read;3;2692808;1024;/mnt/flash/test.db
1400721829.5;read;3;2693856;16;/mnt/flash/test.db
1400721830.03;read;3;2767600;1024;/mnt/flash/test.db
1400721830.75;read;3;2768648;16;/mnt/flash/test.db
1400721831.22;read;3;2843416;1024;/mnt/flash/test.db
1400721832.1;read;3;2844464;16;/mnt/flash/test.db
1400721832.69;read;3;2920256;1024;/mnt/flash/test.db
1400721833.43;read;3;2921304;16;/mnt/flash/test.db
1400721833.86;read;3;2998120;1024;/mnt/flash/test.db
1400721834.56;read;3;2999168;16;/mnt/flash/test.db
1400721835.14;read;3;3077008;1024;/mnt/flash/test.db
1400721835.9;read;3;3078056;16;/mnt/flash/test.db
1400721836.32;read;3;3156920;1024;/mnt/flash/test.db
1400721837.05;read;3;3157968;16;/mnt/flash/test.db
1400721837.55;read;3;3237856;1024;/mnt/flash/test.db
1400721838.32;read;3;3238904;16;/mnt/flash/test.db
1400721838.74;read;3;3319816;1024;/mnt/flash/test.db
1400721839.58;read;3;3320864;16;/mnt/flash/test.db
1400721840.05;read;3;3402800;1024;/mnt/flash/test.db
1400721840.91;read;3;3403848;16;/mnt/flash/test.db
1400721841.68;read;3;3486808;1024;/mnt/flash/test.db
1400721842.54;read;3;3487856;16;/mnt/flash/test.db
1400721843.01;read;3;3571840;1024;/mnt/flash/test.db
1400721843.93;read;3;3572888;16;/mnt/flash/test.db
1400721844.43;read;3;3657896;1024;/mnt/flash/test.db
1400721845.16;read;3;3658944;16;/mnt/flash/test.db
1400721845.59;read;3;3744976;1024;/mnt/flash/test.db
1400721846.32;read;3;3746024;16;/mnt/flash/test.db
1400721846.84;read;3;3833080;1024;/mnt/flash/test.db
1400721847.59;read;3;3834128;16;/mnt/flash/test.db
1400721848.01;read;3;3922208;1024;/mnt/flash/test.db
1400721848.69;read;3;3923256;16;/mnt/flash/test.db
1400721849.16;read;3;4012360;1024;/mnt/flash/test.db
1400721850.0;read;3;4013408;16;/mnt/flash/test.db
1400721850.43;read;3;4103536;1024;/mnt/flash/test.db
1400721851.11;read;3;4104584;16;/mnt/flash/test.db
1400721851.58;read;3;4195736;1024;/mnt/flash/test.db
1400721852.73;read;3;4196784;16;/mnt/flash/test.db
1400721853.22;read;3;4288960;1024;/mnt/flash/test.db
1400721853.89;read;3;4290008;16;/mnt/flash/test.db
1400721854.36;read;3;4383208;1024;/mnt/flash/test.db
1400721855.26;read;3;4384256;16;/mnt/flash/test.db
1400721855.75;read;3;4478480;1024;/mnt/flash/test.db
1400721856.5;read;3;4479528;16;/mnt/flash/test.db
1400721856.97;read;3;4574776;1024;/mnt/flash/test.db
1400721857.71;read;3;4575824;16;/mnt/flash/test.db
1400721858.23;read;3;4672096;1024;/mnt/flash/test.db
1400721859.14;read;3;4673144;16;/mnt/flash/test.db
1400721859.56;read;3;4770440;1024;/mnt/flash/test.db
1400721860.61;read;3;4771488;16;/mnt/flash/test.db
1400721861.33;read;3;4869808;1024;/mnt/flash/test.db
1400721862.51;read;3;4870856;16;/mnt/flash/test.db
1400721863.33;read;3;4970200;1024;/mnt/flash/test.db
1400721864.51;read;3;4971248;16;/mnt/flash/test.db
1400721865.0;read;3;5071616;1024;/mnt/flash/test.db
1400721865.73;read;3;5072664;16;/mnt/flash/test.db
1400721866.2;read;3;5174056;1024;/mnt/flash/test.db
1400721867.0;read;3;5175104;16;/mnt/flash/test.db
1400721867.44;read;3;5277520;1024;/mnt/flash/test.db
1400721868.32;read;3;5278568;16;/mnt/flash/test.db
1400721868.96;read;3;5382008;1024;/mnt/flash/test.db
1400721869.8;read;3;5383056;16;/mnt/flash/test.db
1400721870.29;read;3;5487520;1024;/mnt/flash/test.db
1400721872.0;close;3;/mnt/flash/test.db
1400721881.11;open;3;0;0;0;/mnt/flash/test.db
1400721881.71;read;3;24;16;/mnt/flash/test.db
1400721883.18;read;3;64;16;/mnt/flash/test.db
1400721884.44;read;3;104;16;/mnt/flash/test.db
1400721885.54;read;3;144;16;/mnt/flash/test.db
1400721886.54;read;3;184;16;/mnt/flash/test.db
1400721887.72;read;3;224;16;/mnt/flash/test.db
1400721888.8;read;3;264;16;/mnt/flash/test.db
1400721889.72;read;3;304;16;/mnt/flash/test.db
1400721890.87;read;3;344;16;/mnt/flash/test.db
1400721891.94;read;3;384;16;/mnt/flash/test.db
1400721892.98;read;3;424;16;/mnt/flash/test.db
1400721894.21;read;3;464;16;/mnt/flash/test.db
1400721895.22;read;3;504;16;/mnt/flash/test.db
1400721896.34;read;3;544;16;/mnt/flash/test.db
1400721897.44;read;3;584;16;/mnt/flash/test.db
1400721898.42;read;3;624;16;/mnt/flash/test.db
1400721899.57;read;3;664;16;/mnt/flash/test.db
1400721900.66;read;3;704;16;/mnt/flash/test.db
1400721901.69;read;3;744;16;/mnt/flash/test.db
1400721902.92;read;3;784;16;/mnt/flash/test.db
1400721904.15;read;3;824;16;/mnt/flash/test.db
1400721905.4;read;3;864;16;/mnt/flash/test.db
1400721906.43;read;3;904;16;/mnt/flash/test.db
1400721907.56;read;3;944;16;/mnt/flash/test.db
1400721908.65;read;3;984;16;/mnt/flash/test.db
1400721909.62;read;3;1024;16;/mnt/flash/test.db
1400721910.73;read;3;1064;16;/mnt/flash/test.db
1400721911.79;read;3;1104;16;/mnt/flash/test.db
1400721912.82;read;3;1144;16;/mnt/flash/test.db
1400721913.92;read;3;1184;16;/mnt/flash/test.db
1400721915.04;read;3;1224;16;/mnt/flash/test.db
1400721916.11;read;3;1264;16;/mnt/flash/test.db
1400721917.22;read;3;1304;16;/mnt/flash/test.db
1400721918.23;read;3;1344;16;/mnt/flash/test.db
1400721919.31;read;3;1384;16;/mnt/flash/test.db
1400721920.38;read;3;1424;16;/mnt/flash/test.db
1400721921.44;read;3;1464;16;/mnt/flash/test.db
1400721922.61;read;3;1504;16;/mnt/flash/test.db
1400721923.63;read;3;1544;16;/mnt/flash/test.db
1400721924.69;read;3;1584;16;/mnt/flash/test.db
1400721925.77;read;3;1624;16;/mnt/flash/test.db
1400721926.82;read;3;1664;16;/mnt/flash/test.db
1400721927.98;read;3;1704;16;/mnt/flash/test.db
1400721929.03;read;3;1744;16;/mnt/flash/test.db
1400721929.98;read;3;1784;16;/mnt/flash/test.db
1400721931.05;read;3;1824;16;/mnt/flash/test.db
1400721931.98;read;3;1864;16;/mnt/flash/test.db
1400721933.0;read;3;1904;16;/mnt/flash/test.db
1400721934.23;read;3;1944;16;/mnt/flash/test.db
1400721935.32;read;3;1984;16;/mnt/flash/test.db
1400721936.46;read;3;2024;16;/mnt/flash/test.db
1400721937.67;read;3;2064;16;/mnt/flash/test.db
1400721938.7;read;3;2104;16;/mnt/flash/test.db
1400721939.77;read;3;2144;16;/mnt/flash/test.db
1400721941.07;read;3;2184;16;/mnt/flash/test.db
1400721942.26;read;3;2224;16;/mnt/flash/test.db
1400721943.49;read;3;2264;16;/mnt/flash/test.db
1400721944.64;read;3;2304;16;/mnt/flash/test.db
1400721945.87;read;3;2344;16;/mnt/flash/test.db
1400721946.98;read;3;2384;16;/mnt/flash/test.db
1400721948.03;read;3;2424;16;/mnt/flash/test.db
1400721949.1;read;3;2464;16;/mnt/flash/test.db
1400721950.07;read;3;2504;16;/mnt/flash/test.db
1400721951.08;read;3;2544;16;/mnt/flash/test.db
1400721952.24;read;3;2584;16;/mnt/flash/test.db
1400721953.31;read;3;2624;16;/mnt/flash/test.db
1400721954.42;read;3;2664;16;/mnt/flash/test.db
1400721955.55;read;3;2704;16;/mnt/flash/test.db
1400721956.71;read;3;2744;16;/mnt/flash/test.db
1400721957.92;read;3;2784;16;/mnt/flash/test.db
1400721958.89;read;3;2824;16;/mnt/flash/test.db
1400721959.89;read;3;2864;16;/mnt/flash/test.db
1400721961.12;read;3;2904;16;/mnt/flash/test.db
1400721962.15;read;3;2944;16;/mnt/flash/test.db
1400721963.2;read;3;2984;16;/mnt/flash/test.db
1400721964.23;read;3;3024;16;/mnt/flash/test.db
1400721965.2;read;3;3064;16;/mnt/flash/test.db
1400721966.34;read;3;3104;16;/mnt/flash/test.db
1400721967.4;read;3;3144;16;/mnt/flash/test.db
1400721968.52;read;3;3184;16;/mnt/flash/test.db
1400721969.44;read;3;3224;16;/mnt/flash/test.db
1400721970.56;read;3;3264;16;/mnt/flash/test.db
1400721971.71;read;3;3304;16;/mnt/flash/test.db
1400721972.72;read;3;3344;16;/mnt/flash/test.db
1400721973.86;read;3;3384;16;/mnt/flash/test.db
1400721975.06;read;3;3424;16;/mnt/flash/test.db
1400721976.22;read;3;3464;16;/mnt/flash/test.db
1400721977.39;read;3;3504;16;/mnt/flash/test.db
1400721978.59;read;3;3544;16;/mnt/flash/test.db
1400721979.76;read;3;3584;16;/mnt/flash/test.db
1400721981.13;read;3;3624;16;/mnt/flash/test.db
1400721982.68;read;3;3664;16;/mnt/flash/test.db
1400721984.32;read;3;3704;16;/mnt/flash/test.db
1400721985.44;read;3;3744;16;/mnt/flash/test.db
1400721986.46;read;3;3784;16;/mnt/flash/test.db
1400721987.76;read;3;3824;16;/mnt/flash/test.db
1400721988.71;read;3;3864;16;/mnt/flash/test.db
1400721989.76;read;3;3904;16;/mnt/flash/test.db
1400721990.8;read;3;3944;16;/mnt/flash/test.db
1400721992.04;read;3;3984;16;/mnt/flash/test.db
1400721993.02;close;3;/mnt/flash/test.db
